sub_category,total_sales_on_products
Accessories,3805275.44329999
Chairs,7446715.267599998
Phones,8400179.456800003
Copiers,7174849.349679994
Tables,3656508.4118
Binders,2269518.8515000027
Supplies,1187034.8384000028
Appliances,5029154.033200014
Machines,3665046.4516999996
Bookcases,7061788.560800013
Storage,5450982.597199982
Furnishings,1884435.7879000045
Art,1825377.2645000063
Paper,1225455.836399995
Envelopes,833322.7544000015
Fasteners,407697.1735000006
Labels,379911.6714000007
