year,jan_sales,feb_sales,mar_sales,apr_sales,may_sales,jun_sales,jul_sales,aug_sales,sep_sales,oct_sales,nov_sales,dec_sales,Total_sales_year
2011,98822.94286,90752.08098,145564.5574,116759.9802,146734.2161,215121.2482,115064.8991,207275.5352,207275.5352,199012.812,298165.0615,333759.9506,2256967.196
2012,135691.7602,100483.078,162971.8112,159497.5435,207559.1752,256038.0904,144995.9811,302625.5384,302625.5384,252917.0822,322238.8869,337815.9246,2671332.421
2013,199076.0074,166967.2504,197710.7041,177658.4188,259968.1567,395803.2699,229774.997,326387.8174,326387.8174,291837.3569,373065.6561,404497.042,3397806.112
2014,241157.4677,184798.5446,262967.6436,242270.4983,288235.2881,401074.8991,257931.7125,456142.4624,456142.4624,422520.4292,554214.583,500541.9905,4291645.177
